Absolutmadve,0,100,
Actionmage,0,100,
Adagard,0,100,
Adaras,0,100,
Aeonyx,41955,580,
Aerlinn,0,100,
Aimbot,0,100,
Alagar,0,100,
Aldi,0,100,
Alexie,0,100,
Altarpojke,0,100,
Altibzz,0,100,
Amestic,0,100,
Amestíc,0,100,
Amtar,0,100,
Angin,55,100,
Aoefarming,0,100,
Appendix,0,100,
Applestrudel,47469,588,
Arbitrage,0,100,
Arceus,0,100,
Arrlinn,0,100,
Arx,0,100,
Audiniai,0,100,
Avera,46647,417,
Avianna,0,100,
Azeem,0,100,
Azh,0,100,
Aziim,0,100,
Azuspawned,0,100,
Balnar,0,100,
Banklie,0,100,
Bankofthrow,0,100,
Bankyz,0,100,
Barman,41157,303,
Barrock,41157,303,
Bartender,0,100,
Beardedheals,0,100,
Belek,67,100,
Belson,0,100,
Bennyxz,47380,568,
Beññy,47380,568,
Bigbadjohn,0,100,
Bigbamboo,0,100,
Binbag,41073,659,
Bloges,94,100,
Blogis,0,100,
Blogisr,0,100,
Blogisw,0,100,
Blowshutup,0,100,
Boodanandya,0,100,
Borkborkbork,0,100,
Bothrona,0,100,
Bowning,0,100,
Bradypus,0,100,
Brigette,0,100,
Brodersalsa,0,100,
Brucebean,0,100,
Bruceleet,15,100,
Bruisealch,0,100,
Bruiseaq,0,100,
Bruiseleet,0,100,
Bruisewar,0,100,
Bumbler,0,100,
Bystigabetti,0,100,
Cacklez,45496,283,
Cacklinbank,0,100,
Calestis,0,100,
Candypop,0,100,
Cannelloni,0,100,
Cantkitethis,0,100,
Carrots,41906,275,
Catch,0,100,
Chadbad,0,100,
Chadswell,0,100,
Chadwall,0,100,
Chadwell,41073,659,
Charsi,0,100,
Cheop,0,100,
Chesapeck,0,100,
Chillej,0,100,
Choji,0,100,
Classdismiss,0,100,
Clawful,45273,237,
Clemency,0,100,
Clickyalt,0,100,
Clickynaxi,0,100,
Clipz,0,100,
Constantios,0,100,
Cooldownaq,0,100,
Cooldownbank,0,100,
Cooldownbwl,0,100,
Cooldownmc,0,100,
Cooldownraid,0,100,
Cooldownsumm,0,100,
Cooldownzg,0,100,
Coolstash,0,100,
Coolsummon,0,100,
Coolsummonti,0,100,
Cqrity,125,100,
Crackblock,0,100,
Cracklin,45496,283,
Crittycat,0,100,
Critz,46397,579,
Croissant,4,100,
Crowfax,46076,405,
Cursedmidget,0,100,
Dargo,41590,282,
Dargor,0,100,
Darkestevil,33365,100,
Davinci,0,100,
Dbl,47179,228,
Desired,0,100,
Deucalion,0,100,
Diapam,0,100,
Djxoxo,0,100,
Doty,0,100,
Dou,0,100,
Doubl,0,100,
Double,47179,228,
Dovydas,0,100,
Dovydastwo,0,100,
Dragox,0,100,
Drenty,0,100,
Dropped,0,100,
Drum,0,100,
Dunst,0,100,
Dusky,0,100,
Duststasher,0,100,
Dvärgprälle,0,100,
Eclair,0,100,
Edony,1181,100,
Effed,0,100,
Egwene,0,100,
Eilistraee,0,100,
Eireann,0,100,
Ekszyn,0,100,
Eluri,45063,150,
Elurial,0,100,
Elurie,0,100,
Emmadotson,0,100,
Enia,0,100,
Entvåtre,0,100,
Erbzz,0,100,
Ewka,13,100,
Ewkaa,0,100,
Extravirgin,0,100,
Ezmarks,0,100,
Fandelle,0,100,
Fani,0,100,
Fantastik,0,100,
Fardin,0,100,
Faster,0,100,
Feenian,0,100,
Feladdicted,0,100,
Ffcat,0,100,
Figbat,40534,360,
Firedaddy,0,100,
Fittvätaren,0,100,
Fizzcrank,18,100,
Flapnslap,0,100,
Flexbert,0,100,
Flexie,0,100,
Fockeliduck,0,100,
Fola,0,100,
Forkbeard,0,100,
Fragz,54,100,
Freakflex,0,100,
Friatider,0,100,
Frontpage,0,100,
Fránko,46073,511,
Fránkó,0,100,
Fuggly,0,100,
Furýx,1000,100,
Fusilli,12974,100,
Fya,0,100,
Fûry,0,100,
Gedeon,0,100,
Gehlord,0,100,
Glimz,0,100,
Gnomz,0,100,
Grammy,0,100,
Grikis,0,100,
Grinige,0,100,
Grumppy,0,100,
Gsd,0,100,
Guraki,0,100,
Gustelina,0,100,
Gyroskvinnan,0,100,
Halcyon,0,100,
Hannekath,0,100,
Harune,0,100,
Heads,0,100,
Healingboi,0,100,
Hebb,0,100,
Hebbazzak,0,100,
Hebbs,0,100,
Hebby,0,100,
Hebbz,0,100,
Helten,0,100,
Heltenbooty,0,100,
Heltendispel,0,100,
Heltensf,0,100,
Herbatusin,0,100,
Hexed,0,100,
Highestbank,0,100,
Himash,46397,579,
Hiphop,0,100,
Hobben,0,100,
Holinezz,0,100,
Holyfade,0,100,
Hoodedone,0,100,
Humanmaleaxa,0,100,
Huntbro,46815,263,
Huvet,0,100,
Hybrismannen,0,100,
Högste,0,100,
Iamshadowfox,0,100,
Icariumb,0,100,
Iclickwoods,0,100,
Icyheart,0,100,
Idm,47469,588,
Ihatesnusgtn,0,100,
Illsummonyou,0,100,
Ime,0,100,
Incoqnito,0,100,
Inept,0,100,
Inoshikacho,0,100,
Insen,0,100,
Insenlaundry,32774,1213,
Jabari,0,100,
Jaevbanksson,0,100,
Jazou,0,100,
Jedeye,0,100,
Jelloshot,0,100,
Justflamingo,0,100,
Juventina,0,100,
Kadez,0,100,
Kaijjor,0,100,
Kailin,0,100,
Kaimata,0,100,
Kalani,47073,350,
Kasim,0,100,
Katsika,0,100,
Kelig,0,100,
Kertenkene,0,100,
Kinigina,0,100,
Kinray,0,100,
Kiwifruit,45063,150,
Kiwifruits,45063,150,
Kiwih,0,100,
Klytemnestra,0,100,
Korbs,0,100,
Korbsi,0,100,
Krallé,43584,201,
Kreciash,0,100,
Kusuriuri,0,100,
Lachie,0,100,
Lardino,0,100,
Lazermannen,0,100,
Leci,0,100,
Legnomejames,0,100,
Legobank,0,100,
Legox,102,100,
Legoxii,0,100,
Legoxx,0,100,
Leodruid,0,100,
Leomage,0,100,
Leopriest,0,100,
Leos,0,100,
Lexico,0,100,
Liandrin,0,100,
Lichten,0,100,
Lieron,26593,206,
Lightbeer,0,100,
Lilflamingo,0,100,
Lilgodx,0,100,
Lionmountain,0,100,
Littlesluh,0,100,
Liya,0,100,
Lléwella,0,100,
Lléwellyn,0,100,
Lokomotiv,0,100,
Lolclick,0,100,
Loryx,0,100,
Lynette,0,100,
Léthor,0,100,
Macaron,0,100,
Magbroe,46815,263,
Magemaster,0,100,
Malese,0,100,
Malizia,0,100,
Malux,0,100,
Mamfingerer,0,100,
Mantzie,0,100,
Maníac,0,100,
Marealalt,0,100,
Marealmagi,0,100,
Marmellock,0,100,
Matsouka,0,100,
Meaow,41955,580,
Mehttevas,0,100,
Melise,0,100,
Melissana,0,100,
Mellowed,0,100,
Meltress,0,100,
Meowmutafuka,0,100,
Mingobank,0,100,
Mistle,0,100,
Mistral,16,100,
Mixastab,0,100,
Moogly,0,100,
Mordii,0,100,
Mortimer,0,100,
Msdice,44421,180,
Mukherjee,0,100,
Mumpitz,0,100,
Naleira,0,100,
Narwhal,0,100,
Narwhalt,0,100,
Navelfuzz,0,100,
Nikkoo,0,100,
Niske,0,100,
Norgart,41590,282,
Nss,0,100,
Nyh,0,100,
Nyneave,0,100,
Olemeyer,0,100,
Openbob,0,100,
Osthållaren,0,100,
Ostmakaren,0,100,
Palmerston,0,100,
Parduotuve,0,100,
Pasta,0,100,
Pastasalad,0,100,
Patchface,0,100,
Pathmojo,0,100,
Peacebro,47331,386,
Peacebroo,0,100,
Peacee,0,100,
Peacemage,0,100,
Peacesham,0,100,
Peacestock,0,100,
Peacetank,0,100,
Peacetwink,0,100,
Peppertank,46041,642,
Peppertrix,46041,642,
Peteburns,0,100,
Petrys,0,100,
Phdinpain,0,100,
Pierogi,0,100,
Pinkflamingo,0,100,
Piteman,0,100,
Pretys,0,100,
Produde,0,100,
Prostarian,0,100,
Prys,0,100,
Ptotheope,41906,275,
Purplefanta,0,100,
Qount,0,100,
Rablabank,0,100,
Racerbilen,0,100,
Raeya,0,100,
Ragex,0,100,
Randomninja,0,100,
Reckzelly,0,100,
Remgar,0,100,
Resentful,0,100,
Retailgodx,0,100,
Riebalas,0,100,
Rumpa,0,100,
Røvskæg,0,100,
Saeum,0,100,
Saeumrocks,0,100,
Sagoz,0,100,
Saher,0,100,
Salfi,0,100,
Samamos,3717,120,
Samsdad,0,100,
Samsgrandma,0,100,
Samsgrandpa,0,100,
Sargoz,0,100,
Sauronbank,0,100,
Sauronman,34521,375,
Scarborough,0,100,
Scarto,0,100,
Sentlnel,47073,350,
Shamamos,0,100,
Shifthappêns,0,100,
Shirene,0,100,
Shivva,0,100,
Shwing,0,100,
Sideni,0,100,
Silouk,0,100,
Simm,1070,100,
Simsalabiim,0,100,
Single,0,100,
Skibidi,0,100,
Skildpadden,0,100,
Skóal,0,100,
Slaktmod,0,100,
Slashor,0,100,
Smellyvadge,0,100,
Smileveryday,0,100,
Snusazu,0,100,
Snusgtn,0,100,
Snusgutten,18,100,
Snusheals,46647,417,
Snusjenta,0,100,
Snustank,0,100,
Sorcery,0,100,
Souce,0,100,
Soullighter,0,100,
Stana,0,100,
Starkare,0,100,
Stel,0,100,
Stikke,0,100,
Stronger,45953,393,
Stronginvest,0,100,
Stronker,0,100,
Stronkest,0,100,
Strum,47439,409,
Strumclicker,0,100,
Suffo,0,100,
Summonstuff,0,100,
Sumyunghoe,0,100,
Sunset,0,100,
Supalonely,0,100,
Swehennas,0,100,
Swiftheals,0,100,
Swiftpawz,0,100,
Synz,0,100,
Tadasblinda,0,100,
Tail,0,100,
Tascor,0,100,
Tchukytchuck,0,100,
Teal,41590,282,
Tealta,41590,282,
Tekesh,0,100,
Teslacoilz,0,100,
Thefirelord,0,100,
Thewarpope,0,100,
Throw,47469,275,
Throwbank,0,100,
Throwclick,0,100,
Throwclicky,0,100,
Throwsummons,0,100,
Torchbunny,0,100,
Torrance,47469,275,
Tren,1,100,
Trenace,0,100,
Trenaxx,0,100,
Trenendous,0,100,
Trenlife,47433,732,
Trenstab,0,100,
Troskliwa,0,100,
Trueguesser,0,100,
Tsumugi,0,100,
Tuple,0,100,
Twinkproject,0,100,
Tyhin,0,100,
Tønder,0,100,
Undesired,1,100,
Vahuni,0,100,
Valliadar,41590,282,
Variel,0,100,
Vildtdyr,0,100,
Vinn,0,100,
Viví,0,100,
Vleeshamer,46076,405,
Wallsy,0,100,
Warlooka,0,100,
Waxbank,0,100,
Waxsum,0,100,
Weaker,0,100,
Weebee,0,100,
Weinermonger,0,100,
Whatalocker,0,100,
Windpumper,0,100,
Wolfmeyer,0,100,
Yaso,46705,207,
Yawza,114,100,
Yoshiro,0,100,
Yosofine,0,100,
Yungnibba,0,100,
Zenden,1,100,
Zenixtra,0,100,
Zilie,44421,180,
Zle,0,100,
Zlm,0,100,
Zuccavuota,0,100,
Zumbot,0,100,
Zven,0,100,
Zvezda,0,100,
Zycho,0,100,
Éclair,0,100,
Òver,0,100,

